date,ig_spread_bps,hy_spread_bps,leverage_ratio,interest_coverage,default_rate_pct,fed_funds_rate,gdp_growth_pct,unemployment_pct,vix,spread_ratio,ig_spread_chg,hy_spread_chg,ig_spread_ma6,hy_spread_ma6,ig_direction,hy_direction
2010-06-01,60.480582635216635,355.7312729591656,2.439387824497831,6.076003339913186,1.5934590096519896,1.6030438957338125,1.9505941125945556,5.263396052071111,16.40881830038294,5.881743486247938,-19.00701162974714,-53.12030242100752,78.21366902988375,403.09244260960344,0,0
2010-07-01,75.62255494467317,370.14155201425496,2.4399408424897926,6.00801053286419,1.6449731823535818,1.682004536509182,2.0215797562805875,5.285805300252153,16.985890427563483,4.894591994214652,15.141972309456534,14.410279055089347,76.14109480183025,392.0775100159712,1,1
2010-08-01,67.09878138597867,412.8784936374717,2.450368293650643,6.045323211165551,1.6569126403049075,1.7203762729668275,2.0106554193820565,5.2870645403303325,16.78284504152049,6.153293474324544,-8.5237735586945,42.73694162321675,73.99071873970709,387.14921534047045,0,1
2010-09-01,69.78989684226983,442.4962403173803,2.434175503241362,6.077597420222604,1.6439605330138722,1.69690255367008,1.8836363616717957,5.296832150185216,17.153990914891796,6.340405421682361,2.6911154562911577,29.617746679908578,71.32512242480904,393.09789272906943,1,1
2010-10-01,86.76754546963429,383.35500361223467,2.410826361479293,6.185760156387877,1.6341430405596233,1.724030555849378,1.656409277968916,5.219531171799669,16.550005728175975,4.418184259302299,16.97764862736446,-59.141236705145616,73.2078259237894,395.5756896534467,1,0
2010-11-01,86.12964357956545,397.2734811439808,2.416701719132223,6.1703712446402275,1.63056297758892,1.7008596712087551,1.5894320351588629,5.221982189225563,16.636595515648878,4.612505806749156,-0.6379018900688322,13.918477531746134,74.31483414288967,393.64600728074794,0,1
2010-12-01,79.75461203127007,447.97995249740495,2.387350535803772,6.181328761023424,1.628701865763428,1.677573183530242,1.7178918543073838,5.271782018350108,16.480918280256798,5.61697864346405,-6.375031548295382,50.70647135342415,77.52717237556526,409.0207872037879,0,1
2011-01-01,67.0470010111729,407.2123086724126,2.399598118475206,6.193797945208962,1.6650833429452772,1.689671297108544,1.7500059159269143,5.4168963791296125,17.648700341916605,6.073535020672343,-12.707611020097175,-40.767643824992376,76.09791338664853,415.1992466468141,0,0
2011-02-01,74.88846635604033,502.4243354856726,2.348520610348071,6.272670609197136,1.667680637235642,1.594007284875654,1.5631450991201161,5.512823461738133,17.903121185217817,6.708968148673381,7.84146534486743,95.21202681326002,77.39619421499215,430.1235536215143,1,1
2011-03-01,92.97900345319988,431.6628601639035,2.3793952794678406,6.267905832577788,1.704312641096421,1.5077613932500022,1.5891222379977934,5.728141707489288,18.24072384729302,4.642584283893481,18.090537097159554,-70.76147532176913,81.26104531681382,428.31799026260154,1,0
2011-04-01,80.65753998366,332.6745805268722,2.3935732039402318,6.281856908866305,1.700276812090992,1.4796470167879536,1.646919844957119,5.651406951200483,17.828846881170552,4.124531700251049,-12.321463469539879,-98.98827963703127,80.24271106915144,419.87125308170783,0,0
2011-05-01,101.88618605179025,430.14627579590984,2.401254095969648,6.312251734352132,1.7042085716067965,1.4290054607712326,1.514341229526949,5.738639014872551,17.34124065709806,4.221831167350402,21.228646068130246,97.47169526903764,82.8688014811889,425.35005219036265,1,1
2011-06-01,81.99020501045658,409.2872216544082,2.4307348254880132,6.32158219050995,1.604298537380191,1.4447178274009962,1.5373999954187783,5.756973215446386,16.90868246927844,4.991903869519658,-19.89598104133367,-20.859054141501645,83.24140031105331,418.90126371652985,0,0
2011-07-01,83.64852972325646,459.3798772464184,2.4806990588218905,6.299260509782424,1.6501149211153152,1.3993166236249357,1.5461313031856783,5.9759535087681535,17.303134611656734,5.491786631112763,1.6583247127998817,50.0926555920102,86.00832176306726,427.59585847886416,1,1
2011-08-01,78.33869506149543,432.9273462597692,2.5111301607724346,6.308965009427339,1.6674393449102147,1.328701438558171,1.3746857585110845,5.895123680232639,16.88215013083647,5.5263538142922055,-5.30983466176103,-26.452530986649208,86.5833598806431,416.0130269412136,0,0
2011-09-01,81.18995161129047,398.14817258831704,2.4559039338324853,6.362646596920327,1.7173398504031974,1.4019838770042488,1.4283538625633272,5.811151496014561,17.171924987732886,4.903909470158492,2.851256549795039,-34.779173671452156,84.61851790699153,410.42724567861586,1,0
2011-10-01,83.37080295176823,371.490173834075,2.417516624830414,6.311320831949774,1.5725270814935128,1.390695061979922,1.5124715415185623,5.751212231470159,19.247325786378322,4.455878565173348,2.1808513404777585,-26.657998754242044,85.07072840167623,416.89651122981627,1,0
2011-11-01,92.35638178176407,419.2442767807159,2.398772067499544,6.317969315657118,1.6769458167325493,1.3940714722143182,1.6749292279948538,5.5388226590391785,20.118450489810016,4.539418594498214,8.985578829995845,47.7541029466409,83.48242769000521,415.07951139395055,1,1
2011-12-01,93.26870545789296,387.85612580040976,2.3995547990058688,6.282963274910159,1.6699663353247907,1.3228340629036452,1.8329995358000892,5.486247156871102,19.792426957642174,4.15848085267476,0.9123236761288922,-31.388150980306136,85.36217776457794,411.5076620849509,1,0
2012-01-01,79.80269035513878,415.70798734747257,2.4150845696199426,6.342715606356402,1.7253754761616664,1.2956149266773862,1.6263491306065256,5.410333890715732,20.99364087980612,5.209197653581408,-13.466015102754184,27.85186154706281,84.72120453655832,404.22901376845994,0,1
2012-02-01,73.82888812481141,457.42902814234145,2.3933122552253385,6.266556261117213,1.67338017980539,1.3011610561628795,1.4856753746192572,5.425373269363353,20.58556550678457,6.195800041970494,-5.973802230327365,41.721040794868884,83.96957004711099,408.31262741555526,0,1
2012-03-01,62.8902909636525,477.8909817199023,2.3989152581596507,6.238610168753634,1.7040188750585183,1.2436113772917645,1.562930664700556,5.459548866941069,18.547440971606715,7.598803796218718,-10.938597161158917,20.46195357756085,80.91962660583799,421.6030956041529,0,1
2012-04-01,83.2203909308285,413.0579500827389,2.3762537701890514,6.25747076250686,1.6513480968998355,1.262396278209048,1.6399985573373876,5.647165950862657,17.539354660689312,4.963422371159807,20.330099967176004,-64.8330316371634,80.89455793568136,428.5310583122635,1,0
2012-05-01,60.57577118025848,330.4826990242227,2.3579082360992927,6.335746963968576,1.6201596488650454,1.2323643437131078,1.7172557102832946,5.742208334681263,15.668562739663455,5.45569115481482,-22.644619750570023,-82.57525105851619,75.5977895020971,413.7374620195146,0,0
2012-06-01,59.32273513037105,377.9881327281423,2.315708403193846,6.332459450914928,1.7158612165583846,1.217779656223444,2.295165433881503,5.6845179691150225,15.317049255622146,6.371724633017238,-1.2530360498874273,47.50543370391961,69.94012778084345,412.09279650747004,0,1
2012-07-01,69.60506476632459,404.1397643772572,2.288011405810519,6.304699474580268,1.7063270965202173,1.187694325611974,2.380799010485478,5.594676501980187,15.3354676348117,5.806183296201498,10.282329635953538,26.151631649114904,68.24052351604108,410.16475934576744,1,1
2012-08-01,93.47697975182513,346.2359159697978,2.247460867642029,6.398757328052297,1.7171987401792035,1.2803082348374208,2.5511338565125676,5.643868419130837,17.011904947086983,3.703969863906922,23.87191498550054,-57.90384840745941,71.5152054538767,391.6325739836769,1,0
2012-09-01,68.08184054221803,366.1893411943594,2.2181846700527093,6.326356633031485,1.7607021267136411,1.2796333736005243,2.694234121036548,5.511845098428773,17.338832320851143,5.378663947360277,-25.395139209607095,19.953425224561556,72.38046371697097,373.0156338960864,0,1
2012-10-01,78.06480417795441,376.7495196769983,2.249793923950944,6.21641633520048,1.7854862211122713,1.2267478271527292,2.7919428087324176,5.694990975014209,17.11973179204228,4.826112402948842,9.982963635736382,10.560178482638946,71.52119925815862,366.9642288284629,1,1
2012-11-01,72.87723342296364,354.46804696125054,2.221311957285986,6.238417057703147,1.7930071663694502,1.2678750727578887,2.744652422036366,5.812934987086337,17.94913737322577,4.863906467250135,-5.187570754990773,-22.281472715747782,73.57144296527615,370.96178681796755,0,0
2012-12-01,65.92177625857371,390.7865685049645,2.300283419231108,6.213314346485516,1.8112552164927616,1.2068328902593377,2.858497805110356,5.766017421875866,15.738002064217884,5.928034568912867,-6.955457164389927,36.318521543713985,74.67128315330991,373.09485944743795,0,1
2013-01-01,77.19389071137854,367.244655089474,2.3150829562575344,6.162252705628981,1.931425995754675,1.2172760700095755,2.7425740229297206,5.594703968966779,15.97361662232645,4.757431601194592,11.272114452804828,-23.541913415490512,75.93608747748557,366.9456745661408,1,0
2013-02-01,68.08728788625339,400.1491196420861,2.3206280399683807,6.197670527993949,1.928545055902996,1.1192925638155866,2.707051231918719,5.73009120638332,16.744481816213415,5.877001890728488,-9.106602825125151,32.90446455261207,71.70447216655695,375.93120851152213,0,1
2013-03-01,68.72085731694617,330.4826990242227,2.294877306562944,6.209860563682509,1.9386000082387445,1.0528832613706651,2.6342466997443537,5.718637221858058,15.265895570433575,4.809059606168906,0.6335694306927735,-69.66642061786337,71.81097496234499,369.980101483166,1,0
2013-04-01,74.01582190201441,365.9602453739351,2.315886602945214,6.181656632145672,1.9911327280391249,1.0627263231641213,2.646527820652302,5.842418853055404,16.409649613640504,4.944351571997813,5.294964585068243,35.477546349712384,71.13614458302165,368.1818890993222,1,1
2013-05-01,63.027812946495786,412.10922176685074,2.298617468158081,6.117641412212127,2.046409024687024,1.0996496521638917,2.993726605653328,5.682976087175968,16.748146021134918,6.538529618926959,-10.988008955518623,46.14897639291564,69.49457450361034,377.7887515669222,0,1
2013-06-01,78.94647327033921,366.41993334292584,2.3022777625974413,6.161264278626135,2.105760539965043,1.1082180662233903,2.7136368267645663,5.62303858488059,16.332858107234117,4.641371782222381,15.918660323843426,-45.68928842392489,71.66535733890458,373.72764570658245,1,0
2013-07-01,70.4256464744913,463.4357681801539,2.3790802987455053,6.193774337524068,2.1376970510665023,1.1024356521039782,2.816575855320743,5.623562954852408,16.9656399733404,6.580497182202137,-8.52082679584791,97.01583483722806,70.53731663275671,389.7594978883624,0,1
2013-08-01,72.38861626024452,406.26375043266245,2.3761985017537657,6.188815544335099,2.0805468054299783,1.0873804673245138,2.574668474642295,5.628261014228883,19.2363328311448,5.6122602063852485,1.9629697857532165,-57.17201774749145,71.25420469508857,390.7786030201251,1,0
2013-09-01,86.03819163608175,436.81354782497885,2.4106767015423363,6.281147394137482,2.162218382045033,1.0134543678061425,2.5038786947738805,5.583254467080958,19.418199086203295,5.076972673630588,13.64957537583723,30.549797392316407,74.14042708161116,408.5004111535845,1,1
2013-10-01,71.99178133704773,465.07223136499715,2.3895814087885596,6.227643155821174,2.1049011123940984,0.9774621573864071,2.6672212843189853,5.6455394603157085,19.66641967250363,6.460073951881311,-14.046410299034022,28.258683540018296,73.80308698745004,425.0190754854282,0,1
2013-11-01,79.89178050437722,365.7192932971428,2.3885317540736506,6.151366897274937,2.12003288565605,0.9544302188384177,2.6768632871833047,5.538777417377449,19.207058772963386,4.5776835988416265,7.899999167329497,-99.35293806785432,76.61374824709695,417.2874207404768,1,0
2013-12-01,79.14956668477562,347.03690146139513,2.441655773142716,6.116771493780875,2.0823190931550823,1.0072863301493635,2.515201570493909,5.52453946887532,18.357214403498595,4.3845710848111,-0.7422138196016022,-18.682391835747694,76.64759714950303,414.05691542688845,0,0
2014-01-01,92.62805891377948,366.10508772558643,2.422846761409083,6.1144921929631,2.0791121758254327,1.0244672446277865,2.4079060141049133,5.5365690320465095,19.18755022004284,3.9524210268334157,13.478492229003862,19.068186264191297,80.34799922271772,397.8351353511271,1,1
2014-02-01,85.05929551297382,471.71364086758234,2.477220218148991,6.126659165429235,2.0955502963406065,0.9363152368596499,2.509845676445115,5.588012915452384,18.331466394133972,5.545703594448809,-7.568763400805665,105.60855314199591,82.4597790981726,408.74345042361375,0,1
2014-03-01,81.69807810118986,404.57959453226374,2.498452776212655,6.1145973625364185,2.1116181571131203,0.9525194353293897,2.4002906816875442,5.659174403261273,18.403032631353366,4.952131114163521,-3.3612174117839544,-67.1340463353186,81.73642684235729,403.37112487482796,0,0
2014-04-01,87.43816990015429,520.169256884073,2.481578772935827,6.132200132362133,2.1327141948248847,0.9332653213085739,2.4327594701248407,5.5467101940774866,17.925375184588248,5.948995244045645,5.7400917989644284,115.58966235180924,84.31082493620839,412.55396246134063,1,1
2014-05-01,94.78004326022145,403.8394953055566,2.500551005107493,6.069623161152611,2.213399758277817,0.8994192212932759,2.4395952461104127,5.393298777003924,18.40435501033464,4.260807248175686,7.341873360067154,-116.32976157851635,86.79220206218243,418.90732946274284,1,0
2014-06-01,88.63876576453127,442.2599799247353,2.5297276385962943,6.141811391356274,2.236076473353516,0.9300030357353193,2.3418551939695402,5.521066459193775,18.738017115621588,4.989464554364376,-6.141277495690176,38.420484619178694,88.37373524214168,434.77784253996623,0,1
2014-07-01,85.65581722763469,507.503620249423,2.5483819374628105,6.137703832436645,2.2238686415889837,0.9815530118601168,2.663446807368339,5.554297860391734,19.77555705987949,5.924917147199779,-2.9829485368965862,65.2436403246877,87.21169496111757,458.34426462727237,0,1
2014-08-01,68.52469795491285,514.4294281416113,2.501275195866097,6.193568624016052,2.2720730000034015,1.0281170178159267,2.7585346607160406,5.479449206736079,19.26554066102474,7.5072119030731095,-17.131119272721833,6.925807892188288,84.45592870144074,465.4635625062772,0,1
2014-09-01,71.4905173611167,518.4681494654816,2.4794610805913506,6.210704891334937,2.3315465244496334,0.9861561416547948,2.4547632727173996,5.634564404288331,18.995665725731367,7.252264616390558,2.965819406203849,4.038721323870277,82.7546685780952,484.4449883284801,1,1
2014-10-01,75.73074026493644,469.5991118464659,2.4720355215248055,6.233542552292627,2.2701661336927836,0.970695522862234,2.4827314199328137,5.646131867717617,18.01690200994906,6.200904813601719,4.240222903819742,-48.86903761901567,80.8034303055589,476.0166308222122,1,0
2014-11-01,72.057973993637,459.8047626022363,2.4698025186518042,6.262030916304236,2.300036137185277,0.9872586944324122,2.3834634502175556,5.764061586124,17.57260874987295,6.3810392815490315,-3.6727662712994373,-9.794349244229636,77.01641876112816,485.3441753716589,0,0
2014-12-01,77.22400435349334,447.9872367618547,2.4884226815783244,6.284416344305102,2.3350947743008215,1.0360359507885302,2.511328450436989,5.77081343426501,17.9499092429178,5.801139691114572,5.166030359856336,-11.817525840381563,75.11395852595517,486.2987181778455,1,0
2015-01-01,83.31325553450844,468.12178262252144,2.493753711606322,6.316552482298479,2.320216599132822,1.0120772388962656,2.392450339672084,5.976888226753209,18.706897859563153,5.618815152753512,6.089251181015101,20.13454586066672,74.72353157710079,479.73507857336193,1,1
2015-02-01,84.69053086158802,404.2086241873791,2.453693380845019,6.383010108805101,2.389001939798403,1.0027942900630749,2.375239873452049,6.15242231099753,17.78473253538553,4.772772352176986,1.3772753270795732,-63.91315843514235,77.41783706154666,461.36494458098986,1,0
2015-03-01,81.07649877649287,403.32331169587076,2.465099316375198,6.392836167290175,2.3814991604467766,0.9474775413627734,2.4509879652991176,6.127525896149622,18.65433845549119,4.974601984327539,-3.614032085095147,-0.8853124915083299,79.01550063077602,442.17413828605476,0,0
2015-04-01,90.85408673666319,453.2874333884607,2.4834168887337125,6.4282863551696,2.387777983120354,0.8876672101587398,2.5808512444246356,6.224682991245058,20.00997631429614,4.989180450432523,9.777587960170322,49.96412169258997,81.5360583760638,439.45552520972046,1,1
2015-05-01,89.37272208886267,455.5183791904434,2.5002106021716437,6.423799570455238,2.37912439190616,0.9282935012784498,2.4008067833662694,6.289220586203573,20.423411217519842,5.0968390415313145,-1.4813646478005182,2.2309458019826707,84.42184972526809,438.74112797442166,0,1
2015-06-01,75.7232548931539,470.45001615636005,2.5326340239382823,6.495805431227712,2.3799033442852338,0.9961055027069909,2.350631597990127,6.426083741956807,22.300207030077907,6.21275481118936,-13.64946719570878,14.931636965916653,84.1717248152115,442.4849245401726,0,1
2015-07-01,84.46170301433627,507.4475912569819,2.5576516885747496,6.4619858161247485,2.3250895899404735,0.9925049966279742,2.2793898013159835,6.329591395898797,21.526417830974335,6.008019885306473,8.738448121182373,36.99757510062187,84.36313272851616,449.0392259792493,1,1
2015-08-01,89.03924944117385,502.01853173400093,2.5714270909516026,6.552032837770289,2.2530870458107586,1.0426816415225755,2.181390416429927,6.398196541898641,20.281763127662916,5.638171198485594,4.577546426837586,-5.429059522980992,85.08791915844712,465.34087723701964,1,0
2015-09-01,72.480395419186,447.2009290638369,2.5693221196078433,6.550024940238073,2.3328122989720073,1.0607634427749573,2.4462085524720916,6.5040389905836,18.503042878758638,6.1699570825666346,-16.558854021987855,-54.817602670164035,83.65523526556264,472.6538134650139,0,0
2015-10-01,93.26899365294875,513.6468336353697,2.519493291602364,6.47848618513217,2.290464231556091,1.0285074550447009,2.506955809116235,6.328165041941288,19.99908719024782,5.507155309798183,20.788598233762755,66.44590457153282,84.05771975161024,482.7137135061655,1,1
2015-11-01,104.97618466013911,416.26278265339454,2.532381838176341,6.484891405877709,2.2408946140832757,1.0465772353201217,2.317823215965978,6.209839190674711,20.65345284660188,3.9653068360318793,11.70719100719036,-97.38405098197518,86.65829684682298,476.171114083324,1,0
2015-12-01,100.54739401219331,447.0307285456591,2.5386124687912344,6.4508388230039655,2.1332251084030895,1.12347906364342,2.4555025080241943,6.005915972898701,20.597868175691424,4.445970310194693,-4.428790647945803,30.76794589226455,90.79565336666288,472.26789948154055,0,1
2016-01-01,85.5246822377487,424.72919610013355,2.5467598339070956,6.492871000453402,2.101277021018615,1.1216877616879226,2.773825937576089,5.978975289454246,20.877836802011245,4.966159300299247,-15.022711774444602,-22.301532445525538,90.97281657056494,458.48150028873243,0,0
2016-02-01,98.23268530507819,360.36616387383253,2.5084573766324865,6.4602398014882825,2.0351225313482395,1.1999199444786228,2.9286957266587614,6.050729515033842,19.75234775471287,3.668495498770644,12.708003067329486,-64.36303222630102,92.50505588121568,434.87277231203774,1,0
2016-03-01,93.1798359210504,465.9166858819634,2.4760256804202387,6.437930629827543,2.117223289355058,1.0689326892741355,2.7007902317656596,6.200965220243445,22.198099734329695,5.000187876234578,-5.052849384027795,105.55052200813088,95.95496263152641,437.9920651150589,0,1
2016-04-01,90.58323395008209,472.67399365693024,2.5076202660202256,6.343453593280267,2.16771414382219,1.1100278144928968,2.6281551208357214,6.2083746982854215,22.32732091630492,5.218117890529364,-2.596601970968308,6.757307774966819,95.50733601438196,431.16325845198554,0,1
2016-05-01,88.3536686552486,539.2623262840091,2.506433611404526,6.3208382773178124,2.1333066265633036,1.1143801679048053,2.818191793213715,6.371236252842551,22.436715710909812,6.103451441141426,-2.229565294833492,66.58833262707884,92.73691668023355,451.6631823904213,0,1
2016-06-01,94.85552650141766,519.0954901427448,2.5268786323257046,6.199644310986365,2.245928416830519,1.099429800381512,2.712041373370898,6.233226107021062,23.162482334808505,5.472485465936312,6.5018578461690595,-20.166836141264298,91.78827209510428,463.67397598993557,1,0
2016-07-01,94.97829991102361,458.57137292366025,2.5277281836096184,6.120449169812079,2.295016691180099,1.104017839208287,2.7786142875928324,6.062887863085547,23.64349156654522,4.828169943589781,0.12277340960595495,-60.52411721908453,93.3638750406501,469.31433879385673,1,0
2016-08-01,100.46147935368636,573.9676372164392,2.528620867794491,6.158469902619293,2.278775122004668,1.0046393934782425,2.8948093956072327,6.057333093195885,23.867375590824352,5.713310623226234,5.483179442662745,115.396264292779,93.73534071541813,504.9145843509578,1,1
2016-09-01,99.12921737253234,538.8430552028993,2.556769381973771,6.197759910551835,2.1538048362609894,0.9936557990863668,2.7557698248705202,6.095739638089816,23.07690113537904,5.43576424272474,-1.3322619811540193,-35.12458201353991,94.7269042906651,517.0689792377805,0,0
2016-10-01,98.43049410368886,520.7559306675928,2.5412880401272497,6.219032788641083,2.2683519648905266,1.0115114276619541,2.74684102146125,6.092470163280407,23.548369492515036,5.290595515237555,-0.6987232688434801,-18.087124535306543,96.0347809829329,525.0826354062242,0,0
2016-11-01,109.78540948302222,511.8709977002412,2.544171663435479,6.170683981484623,2.1988733415523467,1.08540612989903,2.2606509204508893,5.885725953276419,25.43039398899007,4.66246835632015,11.354915379333363,-8.884932967351574,99.60673778756184,520.5174139755962,1,0
2016-12-01,119.10605811681236,496.5708866847018,2.530303404774328,6.168298413677524,2.116603404204502,1.0594926189853475,2.1069927742507457,5.87681394932514,26.775814035145046,4.169148862249254,9.320648633790142,-15.300111015539414,103.6484930567943,516.7633133992557,1,0
2017-01-01,119.10605811681236,538.0952398480716,2.5172685179513583,6.168118286722995,2.167731925804984,1.0190679388406882,2.0691075515417716,5.746366999274654,28.369000661784444,4.5177822887928905,0.0,41.524353163369824,107.6697860910924,530.017291219991,0,1
2017-02-01,98.5815196834364,597.351031360476,2.5079933542472994,6.110200052263369,2.2897195461219475,0.9939800866614613,1.8819400742470442,5.813334254157658,27.85778498535326,6.059462597844721,-20.524538433375966,59.25579151240436,107.3564594793841,533.9145235773304,0,1
2017-03-01,83.69156690684801,598.0980863967313,2.5146573673963104,6.1853699673517255,2.3589331870474735,1.039750192546565,2.1268017698367894,5.8499940787673435,26.868180165094678,7.146455831833546,-14.889952776588387,0.7470550362553467,104.78351773510337,543.7903621096358,0,1
2017-04-01,117.87475515909618,598.0980863967313,2.5002949087464064,6.229238081880509,2.3871286430500915,1.0561877480295492,1.9122805631426947,5.7560061001346075,26.74239324499503,5.074013393194117,34.18318825224817,0.0,108.02422791100459,556.6807213978256,1,0
2017-05-01,96.06723979647717,524.3095939818955,2.537967592513612,6.218189873189026,2.4168663601333558,1.0296997378411974,1.8462738901381472,5.704619408400938,26.798118157283724,5.457735593243538,-21.807515362619014,-73.78849241483579,105.7378662965804,558.7538207781013,0,0
2017-06-01,109.4811863975388,509.53042056852394,2.5111293734470266,6.219534165138753,2.4595371380723714,1.0553631094968652,1.8658849767310608,5.598698056212043,27.892309675754674,4.6540454788127725,13.413946601061639,-14.779173413371609,104.13372101003482,560.9137430920716,1,0
2017-07-01,93.83070588835126,537.8665817711911,2.505523224122186,6.229953305536131,2.4974835675617095,1.060216986964267,2.0820759700909783,5.592430146484726,26.199845046039854,5.732308807430226,-15.650480509187545,28.3361612026672,99.9211623052913,560.8756334125916,0,1
2017-08-01,93.92666683614888,484.8428352777975,2.4923312923739607,6.1278665621149155,2.511543138760178,1.1086492364909115,1.8666966474140623,5.68794437853485,27.729395365500466,5.161929530870987,0.09596094779762154,-53.02374649339362,99.14535349741004,542.1242673988118,1,0
2017-09-01,116.88041789007278,567.2639149479168,2.5357406289045725,6.115507692988886,2.516753193957772,1.0735465817970438,2.041171210237306,5.589371773901295,27.57138746692148,4.8533700100339665,22.953751053923895,82.42107967011924,104.67682866128085,536.9852388240093,1,1
2017-10-01,118.4427922039391,545.1110762907332,2.54163727219992,6.081408480588996,2.513623537562796,1.0571634744671554,2.0427061693902444,5.639776425453079,27.14450639697406,4.602315313135654,1.5623743138663286,-22.152838657183565,104.77150150208801,528.1540704730097,1,0
2017-11-01,103.54813125786693,523.2524437351611,2.572592608383979,6.03132748009425,2.475925308119462,1.0375580668105475,1.8954798717330517,5.5867506636158355,26.13240202171389,5.053229231458562,-14.894660946072179,-21.858632555572058,106.01831674565295,527.9778787652207,0,0
2017-12-01,76.76281366477522,452.6597793793385,2.52802579719287,6.0172724654499525,2.4618915542761233,0.9643823194039416,1.9647953928725421,5.507463380389601,24.47754534984812,5.896862787704904,-26.785317593091705,-70.59266435582265,100.56525462352569,518.499438567023,0,0
2018-01-01,98.988565946926,542.7146171469935,2.5360373051689478,6.107156791792429,2.3772437135663544,0.9791883332571704,1.9946543472085627,5.496760344394145,25.300715933810036,5.4825990452066655,22.22575228215078,90.05483776765504,101.42489796662149,519.3074444629901,1,1
2018-02-01,108.84239930233788,502.4366183441356,2.5627262290376507,6.139198934855779,2.372326732226617,0.9922410968661648,1.9046218156347434,5.393236112152207,25.37403390099844,4.616184699755544,9.85383335541188,-40.27799880285795,103.91085337765298,522.2397416407131,1,0
2018-03-01,86.23683954555005,459.8190445231194,2.5651947487159137,6.110639985366639,2.3228971768690707,0.9924967696982878,1.9150921283832463,5.33787118161749,24.084073001257387,5.3320488893872815,-22.605559756787827,-42.61757382101621,98.80359032023254,504.3322632365802,0,0
2018-04-01,99.17664449547125,375.29462385488796,2.597159159967874,6.139269124434447,2.2677177110082822,0.9807674130295305,1.8572950888539823,5.218083392358605,22.78899422919377,3.784102857724988,12.939804949921196,-84.52442066823141,95.59256570215456,476.0295211639393,1,0
2018-05-01,96.14913635517709,485.460904984048,2.5816405064648626,6.209236896263747,2.276712418565956,0.9099988759270098,1.8743226906416695,5.414555905650244,22.453209529903642,5.049040723473006,-3.0275081402941595,110.16628112916004,94.35939988503958,469.73093137208724,0,1
2018-06-01,107.40972489703344,581.0853262755613,2.6239209296704304,6.255468580409386,2.346312532883186,0.8889666097887419,1.9736422918198264,5.418082260847417,24.122231055193033,5.409988032579072,11.26058854185635,95.62442129151333,99.46721842374929,491.13518918812423,1,1
2018-07-01,102.43268813213612,576.9371213238858,2.6928878733790076,6.258450098905395,2.392228363183302,0.8718308839624034,2.211544814241629,5.348109710048158,23.86263970382943,5.632353615280001,-4.977036764897321,-4.148204951675552,100.04123878795097,496.83893988427303,0,0
2018-08-01,87.83309122524042,473.76325348266016,2.682002716565818,6.226103260020116,2.313703333002143,0.8317170205013225,2.025872489417602,5.36950770112158,22.359496750711322,5.393903901978526,-14.599596906895698,-103.17386784122561,96.53968744176807,492.0600457406938,0,0
2018-09-01,106.8428661923079,458.38979085625675,2.668637640923795,6.261014425700795,2.2642219261736263,0.823652734918022,2.345827495616042,5.358274896152498,22.11375368662538,4.290317240565176,19.00977496706747,-15.373462626403409,99.9740252162277,491.8218367962167,1,0
2018-10-01,94.46709681976672,505.05903211838404,2.712239175237326,6.280688694971882,2.3112604855730368,0.8438552777587489,2.0530143256876667,5.336177936199175,21.84103011687771,5.346401542136767,-12.375769372541171,46.66924126212729,99.18910060361027,513.449238173466,0,1
2018-11-01,88.91344345444239,416.58098112458947,2.7596263396092473,6.325448355973269,2.2621361158961215,0.9381645728192755,2.030246561432329,5.397594606203517,19.144143473936136,4.685241791788639,-5.553653365324337,-88.47805099379457,97.98315178682117,501.9692508635562,0,0
2018-12-01,79.07047444935147,465.9633364501847,2.743940538794649,6.357206946057368,2.2509044583962705,0.9468934634608674,2.118494142405016,5.473345377208248,19.089848607418325,5.893013032932504,-9.842969005090922,49.382355325595256,93.25994337887415,482.7822525593269,0,1
2019-01-01,82.10872104414639,479.3134947794588,2.7313349342817737,6.409684581823335,2.278407063347498,0.9597709829970057,2.1606429225652706,5.420295262447195,18.858914077209647,5.837546714699796,3.038246594794927,13.350158329274052,89.87261553087588,466.51164813525565,1,1
2019-02-01,79.87060172978161,504.5788463639682,2.7228813960159584,6.382922821245306,2.229989840604316,0.9560486872086973,2.0672379945921815,5.362713438382728,19.555120442023068,6.3174539246750685,-2.2381193143647806,25.265351584509403,88.54553394829941,471.6475802821403,0,1
2019-03-01,90.98808854776154,469.1964212856527,2.68254788068493,6.448792524527023,2.235258615911614,0.8601101264437452,2.0360196570385902,5.335208268667563,21.40407653696841,5.156679613500857,11.117486817979923,-35.382425078315464,85.9030710075417,473.44868535370625,1,0
2019-04-01,111.59114021374985,471.4576318285983,2.654988322290404,6.458672504761642,2.168557341165704,0.8587844326712843,1.9620695168397653,5.105016152194004,22.530641566516167,4.224866158061777,20.603051665988318,2.261210542945605,88.7570782398722,467.84845197207534,1,1
2019-05-01,77.96119131030146,434.4826244421181,2.624864099287842,6.562435548392906,2.1384889589681433,0.8617959431683356,1.8736648032981336,4.953497045974149,22.26175287596134,5.57306291937983,-33.629948903448394,-36.97500738648023,86.93170288251538,470.8320591916634,0,0
2019-06-01,72.09851386353996,423.3504576645747,2.601830172334718,6.527976157488427,2.15447805567527,0.9849580487926,2.0011051178512873,5.090184472718602,21.15522696721967,5.871833342721118,-5.862677446761495,-11.132166777543375,85.7697094515468,463.7299127273952,0,0
2019-07-01,110.5537859053585,475.97006399721965,2.600789625713115,6.61477434764669,2.074828368998687,0.9753400005535439,2.0546574407460443,5.25468124406873,23.728586770469526,4.305325775136115,38.45527204181853,52.619606332644935,90.51055359508216,463.17267426368863,1,1
2019-08-01,94.31422563434273,502.1251881692238,2.6078160676892104,6.624669886819822,2.0968521058967067,0.9904173676702245,1.9507210014569463,5.229777640113092,23.787805204484016,5.323960248753656,-16.239560271015762,26.15512417200415,92.91782424584234,462.76373123123125,0,1
2019-09-01,90.93048402232534,527.9997025682741,2.654331082473633,6.5920989866391,2.0958702159503724,0.9886817791849624,2.085660982771934,5.287433336418669,23.80173449639696,5.806630287359287,-3.3837416120173884,25.87451439905027,92.90822349160298,472.5642781116682,0,1
2019-10-01,107.36391718936872,457.96215546481756,2.624380461251469,6.5679046949363835,2.1234947136712297,0.9302478773039857,2.131755910903425,5.318558351873023,23.77760940928696,4.265512729542672,16.433433167043376,-70.03754710345652,92.20368632087279,470.31503205103803,1,0
2019-11-01,93.42107305540229,558.591493679686,2.653910133205766,6.551887329526668,2.134690420374463,0.9873890180297368,2.2536852287292692,5.626446432718546,23.975694170054815,5.979287920921436,-13.942844133966432,100.62933821486843,94.78033327838959,490.9998435906327,0,1
2019-12-01,117.15609649130168,488.1500725131991,2.647490467879001,6.573095626846763,2.202897441873155,1.0249856696640756,2.348129555017811,5.738403923862004,23.83133375813087,4.16666385389037,23.735023435899393,-70.44142116648686,102.28993038301655,501.7997793987367,1,0
2020-01-01,104.14147828194363,491.85428519033405,2.646006556589428,6.599237401248539,2.2091586670055507,1.0645372670162279,2.2237803033795003,5.725612164713927,23.257671751250633,4.722943185603054,-13.014618209358048,3.704212677134933,101.22121244578074,504.44714959758903,0,1
2020-02-01,91.4364616878911,457.21432187631933,2.6662511413544263,6.57055240105161,2.1876883899492876,1.0190678942764908,2.1397531473499547,5.630058120653885,22.710812810010243,5.000350116750724,-12.705016594052537,-34.63996331401472,100.74158512137213,496.9620052154383,0,0
2020-03-01,115.70649908888508,383.72279749571123,2.6325694807075575,6.56933467143856,2.193803265100902,1.089207609823296,2.251847188118444,5.469413488628128,22.678059539794244,3.316346104300827,24.270037400993985,-73.4915243806081,104.87092096579875,472.91585437001123,1,0
2020-04-01,85.61140223766219,508.51322663890073,2.644041773093079,6.676448189369154,2.2209681665527214,1.019115056683682,2.343402727933464,5.48975985221485,22.13463476866048,5.939783876302349,-30.09509685122289,124.7904291431895,101.24550180718099,481.34103289902504,0,1
2020-05-01,96.01915531161299,491.7130757841491,2.6490353393394703,6.762825347874189,2.2234111700690065,1.0484579113736954,2.3402674888388417,5.414124777686419,21.421788985983316,5.120989392047684,10.4077530739508,-16.80015085475162,101.67851551654944,470.1946299164356,1,0
2020-06-01,91.32370377401293,450.7604556094176,2.663808877259715,6.784641531357891,2.2254407546292008,1.1579806926641942,2.357866596335159,5.271899406726652,21.52821921367521,4.935853858105194,-4.695451537600064,-40.95262017473152,97.37311673033464,463.96302709913874,0,0
2020-07-01,99.69504892374266,458.3501170395447,2.6724839365769495,6.786541705266301,2.190341170238863,1.10845387640766,2.5495163307034225,5.207242118302399,21.273241996254356,4.597521361267795,8.371345149729734,7.589661430127137,96.6320451706345,458.37899907400714,1,1
2020-08-01,108.41235836851148,498.3993456322798,2.7461429407742766,6.792543271602214,2.157196124361316,1.0801389899275213,2.4607806223780484,5.09908731794096,22.777234984837044,4.597255821500887,8.717309444768816,40.04922859273506,99.46136128407123,465.2431697000006,1,1
2020-09-01,84.95597867827519,380.9103694861586,2.727010741246737,6.823219170238735,2.087065860771331,1.0851215581819034,2.5428452295535537,5.267801481448216,20.126265176444033,4.483620522207749,-23.45637969023629,-117.48897614612122,94.33627454896957,464.77443169840836,0,0
2020-10-01,80.9492838196861,439.3466924928874,2.711080832596682,6.7720795419788145,2.1745446979306777,1.0599477754760933,2.5125163316884698,5.355965457143161,21.217772028366493,5.4274314949040035,-4.006694858589086,58.436323006728855,93.55925481264023,453.24667600740617,0,1
2020-11-01,96.58365715146078,504.4430163453668,2.6923866168039394,6.759210715107647,2.1123515361611136,0.9824146039227868,2.479864151204387,5.355168193011499,22.463857220864124,5.222861001777021,15.634373331774682,65.09632385247937,93.65333845261485,455.36833276760916,1,1
2020-12-01,79.31814307575766,397.48800156637935,2.675722303229132,6.675781511413768,2.0777062762713183,0.9858427526630882,2.644680679002465,5.503162606900502,20.390466988455973,5.011312496142705,-17.265514075703123,-106.95501477898745,91.6524116695723,446.48959042710277,0,0
2021-01-01,104.1068112162129,451.1610094623449,2.6566006894099363,6.695742667544032,2.0417859129928586,0.9327275669767829,2.7684931313506698,5.510899437665264,20.047779394375624,4.333635851408002,24.788668140455243,53.673007895965554,92.38770538498402,445.29140583090276,1,1
2021-02-01,83.93810559397173,381.7347691431728,2.692271185343163,6.728102464529169,2.0865321318400807,0.956407188508542,2.8905195767507657,5.4247710175324375,19.676338528379834,4.5478125392740365,-20.168705622241177,-69.42624031917211,88.30866325589405,425.847309749385,0,0
2021-03-01,75.93392921112417,441.54154033404615,2.7348863127828587,6.7039431414142,2.071784647925479,0.9104359767968518,3.086341397823915,5.577083425259404,18.26882683366201,5.814812231122648,-8.004176382847561,59.80677119087335,86.80498834470222,435.95250489069963,0,1
2021-04-01,78.29969601135627,411.8295760375149,2.717763923970374,6.782642479578701,2.134171751559166,0.9879326970477288,3.089491974068829,5.630974429627869,17.491010146071137,5.259657406304423,2.365766800232109,-29.71196429653122,86.36339037664726,431.3663188148042,1,0
2021-05-01,59.32273513037105,330.9621302103582,2.6927932567772475,6.721354196428584,2.1004972203469725,0.948770032430917,3.191784919763073,5.5272498141952235,16.38043430060531,5.579009961071701,-18.976960880985224,-80.8674458271567,80.15323670646563,402.4528377923027,0,0
2021-06-01,68.63038342119462,466.37837792258665,2.7069357234688396,6.648135452418094,2.114446928458163,0.9326669566206331,3.145244906274055,5.508215946386863,18.13270474402893,6.795508850072348,9.307648290823572,135.41624771222843,78.37194343070512,413.93456718500397,1,1
2021-07-01,92.02144111636761,397.03079677661367,2.6903690321404103,6.659358043346092,2.072679575795175,0.9733428174891167,3.193869859147321,5.420654121048387,19.068383137176394,4.3145466095726555,23.39105769517299,-69.34758114597298,76.35771508073091,404.91286507071544,1,0
2021-08-01,76.70557004160207,411.0737002446564,2.709356986673076,6.7117129584767,2.1799370321838443,0.9117996016674189,3.1743484009921685,5.282374147951954,20.339938232170553,5.359111470284443,-15.315871074765539,14.04290346804271,75.15229248866929,409.8026869209627,0,1
2021-09-01,74.85393158045186,458.4320926868376,2.7154446772986147,6.795909343049593,2.120557111232369,0.9231725983976253,3.1888977957410765,5.374991902705117,21.061610296213786,6.124355568339411,-1.8516384611502161,47.35839244218124,74.97229288355724,412.6177789797612,0,1
2021-10-01,86.946773342765,482.0634163949077,2.6699723538486975,6.772965129906146,2.13604814674372,0.9885297361117468,3.2781713495566134,5.565933566752131,19.93255852499656,5.544350846632321,12.092841762313142,23.631323708070056,76.41347243879204,424.32341903932667,1,1
2021-11-01,92.38453175593831,391.90628309854634,2.7163975098885995,6.826899171577711,2.167736990790325,0.9081555743836853,3.1554382470715927,5.426076809370216,19.408038258716783,4.242120143379471,5.437758413173313,-90.15713329636134,81.92377187638658,434.48077785402467,1,0
2021-12-01,89.57351089519874,443.5540310589509,2.7702738400814653,6.824973748102676,2.1884269456628997,0.9173872673103005,3.4692963384244115,5.482373733039274,19.8974128199447,4.951843760795648,-2.811020860739575,51.64774796040456,85.41429312205393,430.67672004341875,0,1
2022-01-01,88.5658197663823,442.53102854458024,2.7518901793669337,6.816342383105635,2.1791625627190143,0.9303814070227217,3.318393731199456,5.417309476127091,18.675285011052758,4.996634477181857,-1.0076911288164325,-1.0230025143706598,84.83835623038972,438.26009200474647,0,0
2022-02-01,73.01709764399035,460.7402940965531,2.740259132568854,6.860525379979968,2.172671527732343,0.9694725506115872,3.1362654392812965,5.368596937750621,19.388283441225145,6.310032978070228,-15.54872212239195,18.209265551972862,84.22361083078776,446.53785764672926,0,1
2022-03-01,64.60837207325096,434.6635413099053,2.7488350942906012,6.893141523900639,2.1748621013312985,0.9076250150676831,3.3099820703063068,5.309357545326734,19.14795804306701,6.727665894709394,-8.408725570739392,-26.076752786647774,82.51601757958761,442.57643241724054,0,0
2022-04-01,92.68975929164175,408.1020210999345,2.758868797990212,6.814321916051427,2.167512001249874,0.8416021844134693,3.428731474400747,5.222958468358753,18.77313723551741,4.402881442553653,28.081387218390788,-26.56152020997081,83.4731819044004,430.2495332014117,1,0
2022-05-01,76.13558527663139,398.8974327519807,2.7786251261703967,6.888148933537722,2.2157059570896194,0.8676992626943142,3.5223494469585703,5.227810631153235,19.484097203720903,5.2393034256271225,-16.55417401501036,-9.204588347953802,80.76502415784925,431.41472481031747,0,0
2022-06-01,78.3499779336121,445.3491972403829,2.8389312623333876,6.957153501245094,2.326232107169187,0.8825484963559735,3.6166012733482122,5.144715619512132,19.928360515206943,5.684101118927416,2.2143926569807064,46.451764488402205,78.89443533091814,431.7139191738895,1,1
2022-07-01,93.31744215577724,394.47499452522686,2.833622845508566,6.925875366169618,2.298357517918795,0.8950731388732673,3.614764257421175,5.171761302090116,19.567394349387865,4.227237539009261,14.967464222165148,-50.87420271515606,79.68637239581729,423.70458017066386,1,0
2022-08-01,88.83197946277414,331.3225963085946,2.8096739281724123,6.945665542841488,2.2298673689398414,0.9123955493481162,3.4801761016983006,5.166737491145202,20.726724152752112,3.729767121168772,-4.4854626930031,-63.152398216632264,82.32218603228127,402.1349638726708,0,0
2022-09-01,83.1883088529105,448.2572995698521,2.7682943513319764,6.970367052155625,2.225453266522279,0.8783943132691916,3.491546785427359,5.142842686458561,19.645660825152213,5.388465107067374,-5.643670609863648,116.93470326125748,85.41884216222452,404.4005902493286,0,1
2022-10-01,101.4273095615385,475.8525835493271,2.746366450133719,6.983400740446821,2.3544387334049945,0.8900069981272418,3.3899725287005427,5.052086320254401,20.26159643209648,4.691562712314827,18.239000708627998,27.595283979475028,86.87510054054064,415.69235065756067,1,1
2022-11-01,74.44322690917942,349.23255955084085,2.745372640947505,6.9558854827545495,2.3142550050065083,0.9046606217921759,3.5362404887132053,4.994409187197568,20.85469769006486,4.691260361092405,-26.984082652359078,-126.62002399848626,86.59304081263197,407.414871790704,0,0
2022-12-01,91.30866896247892,408.4369818718877,2.7992093768530384,6.922304314357647,2.3962108452787114,0.8689430508908574,3.5141818814878842,5.069948309780143,20.54515125075087,4.47314572113328,16.865442053299503,59.20442232104688,88.75282265077645,401.2628358959549,1,1
2023-01-01,83.9465680633709,480.7954365184431,2.783681037881953,6.921026610808075,2.4800958859825335,0.9622317764480952,3.390357301969008,5.120040028542581,20.871284272992987,5.72739836315277,-7.362100899108015,72.3584546465554,87.19101030204206,415.6495762281576,0,1
2023-02-01,81.71182211249472,520.8654475474733,2.7903946764311205,6.979663061771043,2.452416473897134,0.9859234224936846,3.3421494257210584,5.022284504062727,19.620170696607687,6.374419687158423,-2.2347459508761887,40.070011029030184,86.00431741032882,447.24005143463734,0,1
2023-03-01,96.65481469186504,450.28576208684376,2.789901989548938,7.006843069500764,2.4808656278563976,0.9263582476335521,3.4040891438624024,5.0322177346056485,20.544197715814587,4.65869976081742,14.942992579370326,-70.57968546062955,88.24873505015456,447.5781285208027,1,0
2023-04-01,87.6472505625958,425.75309113066425,2.8255537877523804,6.988312352896459,2.5622854590128243,0.9591859280652436,3.319530460941806,5.107356446942828,20.359295579371597,4.857574976942379,-9.007564129269241,-24.532670956179516,85.95205855033082,439.2282131176922,0,0
2023-05-01,87.62883416056378,444.7381450610421,2.901361760528589,7.026897288428876,2.5433290719634503,0.9104518445538775,3.1961974016068417,4.94041591883069,19.83657255885256,5.075248910035033,-0.018416402032016777,18.98505393037783,88.14965975889487,455.1458107027258,0,1
2023-06-01,96.9847076585328,521.3557666780056,2.8854356973409794,6.884470157397373,2.533150053958332,0.9498060747410001,3.232750483330628,4.994751938068684,20.88558178468945,5.3756492055800535,9.355873497969014,76.6176216169635,89.09566620823718,473.965608170412,1,1
2023-07-01,79.19219823420195,427.512691232163,2.8707525140654324,6.941908442415978,2.5040660082609003,1.0077358536913703,3.269495468996937,4.928489562174099,20.18123809414669,5.398419298424355,-17.792509424330845,-93.8430754458426,88.30327123670901,465.0851506226986,0,0
2023-08-01,72.29271637598237,408.82192012842256,2.9020773403775046,6.854922753477073,2.4533281717262567,0.9667017377737848,3.1934539926912677,4.985549429033416,18.77277679778313,5.655091420305856,-6.899481858219588,-18.690771103740417,86.73342028062363,446.4112293861902,0,0
2023-09-01,66.12422198747112,403.3870423473856,2.922534085066294,6.836800706406916,2.420864294472956,1.0148705442360009,3.122798246848519,4.909223513379164,17.216147624259225,6.10044292731062,-6.168494388511249,-5.43487778103696,81.64498816322464,438.59477609628055,0,0
2023-10-01,59.51800532736398,392.496217339682,2.977935304838375,6.780817211675609,2.3596672811348434,1.0355095905828258,3.1576057374521644,4.728735303312712,17.822157575604866,6.594579492052098,-6.606216660107137,-10.890825007703597,76.95678062401933,433.05196379778346,0,0
2023-11-01,96.91325257827802,422.6490692581803,2.995453150398154,6.716083137889564,2.361371454547805,1.0766125985825503,2.940393086227566,4.565981059524396,16.54172822310858,4.361107052070113,37.39524725091404,30.1528519184983,78.50418369363838,429.3704511639732,1,1
2023-12-01,70.71820112252598,502.7921605706847,2.9846743876745423,6.77412447725849,2.3228727929948727,1.1714522477152476,2.7292735200710827,4.570789554190534,18.296522405092947,7.109798504341897,-26.195051455752036,80.1430913125044,74.1264326043039,426.276516812753,0,1
2024-01-01,74.48295970739012,429.4482420090592,3.0023940325953116,6.750739417192895,2.33456208858441,1.1591828419151042,2.621506886883217,4.596761804362682,16.214592997209223,5.765724720072446,3.76475858486414,-73.34391856162551,73.34155951650193,426.59910860890244,1,0
2024-02-01,79.38556816044854,425.7326444511211,3.035655140012799,6.768064611279431,2.2567673062742286,1.1214960336972295,2.5894898141264404,4.506330141852241,17.911049365499263,5.362846853859635,4.90260845305842,-3.7155975579381106,74.52370148057963,429.41756266268544,1,0
2024-03-01,86.62770209651619,429.6904688878259,3.0602696054487195,6.765718582335472,2.2733113178849518,1.0770203122159534,2.636125948966141,4.570189387729979,18.122066832701883,4.960197009601924,7.2421339360676455,3.9578244367048114,77.94094816542047,433.80146708609226,1,1
2024-04-01,89.894533339344,374.9601258251565,3.0754878263819387,6.789570623696628,2.3149877659653977,1.0362297979676816,2.857429381508574,4.404037381503082,18.02535372083149,4.171111544788991,3.2668312428278057,-54.73034306266936,83.00370283408381,430.87878516700465,1,0
2024-05-01,88.92878042464453,464.38010498452434,3.107488067069613,6.79341171824964,2.215300983836825,1.0323747124969764,2.9860783249888767,4.397429401638351,17.48043463402254,5.221932683289473,-0.9657529146994648,89.41997915936781,81.67295747514488,437.833957788062,0,1
2024-06-01,76.57130309902041,433.8056293816818,3.1425669347829834,6.729262107040212,2.2340038123292034,1.0494323112378086,2.9620875454943625,4.276327781662105,17.87957074837461,5.665381308983255,-12.357477325624117,-30.57447560284254,82.6484744712273,426.3362025898948,0,0
2024-07-01,80.94156042591094,432.46149268737423,3.1840317045141093,6.779075448012569,2.295387261952868,1.0632668512043095,2.9592351143089592,4.211144170881889,17.841936045949762,5.342885538798373,4.370257326890524,-1.344136694307565,83.7249079243141,426.8384110362806,1,0
2024-08-01,90.05773471810528,582.4557053682629,3.2034930011417986,6.754387618854503,2.234905211018308,1.1046260136561106,2.8088557096132876,4.215884038013531,18.945237927966282,6.467581126612166,9.116174292194344,149.99421268088867,85.50360235059021,452.9589211891377,1,1
2024-09-01,85.16590229555264,470.453757515259,3.198479458732293,6.676558523921516,2.318533830360193,1.105276108250006,2.806078739214429,4.129842701485135,19.059465576628323,5.5239684525696156,-4.891832422552639,-112.00194785300391,85.25996905042963,459.7528026270432,0,0
2024-10-01,104.43937334242221,431.50053147885706,3.2028808693252926,6.65515276587322,2.3394847808284953,1.177952812107872,2.762779943376408,4.091387147062153,19.2097673380902,4.131588668807015,19.273471046869574,-38.95322603640193,87.68410905094267,469.17620356932656,1,0
2024-11-01,92.79892353899514,441.5172284065391,3.2390761383205433,6.730190755404935,2.3042341880405752,1.164719970445974,2.811187727427122,4.192016427983597,18.846155125876344,4.75778394370069,-11.640449803427074,10.016696927682062,88.32913290333444,465.3657241396624,0,1
2024-12-01,94.3222171932316,501.3070007800526,3.214568068190926,6.77270184251061,2.3014457341576895,1.300728428775455,2.6871030858942735,4.134327241031282,18.789209502155277,5.31483478333698,1.5232936542364541,59.78977237351347,91.28761858570296,476.6159527060575,1,1